Company Name,Email
induplast.es,ventas@induplast.es
www.rgplus.de,info@rgplus.de
www.hugobeck.com,T100_22_footer@2x.png
www.technicmachines.com,info@technicmachines.com
www.temametalurji.com,info@prfabrikasi.com
www.livanpleksi.com,info@livanpleksi.com
www.gravotech.com,web.us@gravotech.com
www.naturewash.fr,8c4075d5481d476e945486754f783364@sentry.io
www.sacform.com,info@sacform.com
www.fer-plast.com,ferplast@fer-plast.com
www.sawinmak.com,info@sawinmak.com
www.reiskenet.com.tr,info@reiskenet.com.tr
www.assister.it,b2b@assister.it
www.msy.be,info@msy.be
www.formex.es,formex@formex.es
www.bor-tech.com.pl,biuro@bor-tech.com.pl
bergertech.ch,info@bergertech.ch
www.uniton.fr,uniton@uniton.fr
www.spsipatisserie.com,contact@spsi.fr
zinser.de,info@zinser.de
kobamet.pl,kobamet@kobamet.com.pl
www.emsilgroup.com,8eb368c655b84e029ed79ad7a5c1718e@sentry.wixpress.com
www.genmilling.com,info@genmilling.com
www.variomatic.de,info@variomatic.de
www.weberweb.com,info@weberweb.com
www.essegi.com,info@essegi.com
www.krw.de,sales@krw.de
www.okshoreca.com,info@oksuzogullari.com
www.lang-much.de,info@lang-much.de
virmer.com,help@virmer.com
secaagri.com,export@secatarim.com.tr
www.moval-srl.it,info@moval-srl.it
www.pixgermany.de,info@pixgermany.com
www.breyer-extr.com,info@breyer-extr.com
berketekstil.com,info@berketekstil.com
www.flp-microfinishing.de,info@flp-microfinishing.de
metal-tech.eu,biuro@metal-tech.eu
www.ews-tools.de,info@ews-tools.de
www.nuovasaimpa.it,nuovasaimpa@nuovasaimpa.it
www.dolzan.com,dolzanimpiantisrl@upapec.it
www.acusticaintegral.com,info@acusticaintegral.com
brioultrasonics.com,info@brioultrasonics.com
www.camelliniesangiorgi.it,tecnico@camelliniesangiorgi.it
www.crommac.com,info@crommac.com
www.sontheimer.org,info@sontheimer.org
www.linguavox.net,info@linguavox.net
www.inatech-shop.ro,office@inatech.ro
www.sicmi.com,info@sicmi.it
basmachinebouw.nl,info@basmachinebouw.nl
www.focus-e-welding.de,sales@focus-gmbh.com
www.altmann-graphic.com,info@altmann-graphic.com
