Europages Profile,Website,Emails
https://www.europages.co.uk/INDUPLAST-PLASTICOS-DE-INGENIERIA/00000005408978-001.html,https://induplast.es/en/,"info@induplast.es, ventas@induplast.es, youremail@example.com"
https://www.europages.co.uk/RG-SCHWINGUNGSTECHNIK-GMBH/DEU259861-00101.html,https://www.rgplus.de/en/,info@rgplus.de
https://www.europages.co.uk/HUGO-BECK-MASCHINENBAU-GMBH-CO-KG/00000005396397-001.html,https://www.hugobeck.com/en/,"T100_22_footer@2x.png, info@hugobeck.de"
https://www.europages.co.uk/SICMI-SRL/00000005522851-001.html,https://www.sicmi.com/,info@sicmi.it
https://www.europages.co.uk/TECHNIC-MACHINES/00000005519171-001.html,https://www.technicmachines.com/,info@technicmachines.com
https://www.europages.co.uk/TEMA-METALURJI-SAN-TIC-LTD-STI/00000005529722-001.html,https://www.temametalurji.com/anasayfa.html,"info@prfabrikasi.com, export@temametalurji.com, info@temametalurji.com"
https://www.europages.co.uk/LIVAN-PLEKSI/00000005478719-001.html,https://www.livanpleksi.com/index.html,info@livanpleksi.com
https://www.europages.co.uk/GRAVOTECH/00000004560200-001.html,https://www.gravotech.com/?utm_source=ep,"web.us@gravotech.com, contact@gravotech.com, example@example.com"
https://www.europages.co.uk/SYSAP-INDUSTRIES/00000005402417-733333001.html,https://www.naturewash.fr/,"bfb679c754744c58a7374ee6e25cfc13@sentry.wixpress.com, 9a65e97ebe8141fca0c4fd686f70996b@sentry.wixpress.com, 8c4075d5481d476e945486754f783364@sentry.io, 605a7baede844d278b89dc95ae0a9123@sentry-next.wixpress.com"
https://www.europages.co.uk/SACFORMAGMLINE/00000005399082-727241001.html,https://www.sacform.com/,"export@sacform.com, info@sacform.com"
https://www.europages.co.uk/FERPLAST-SNC/SEAC000498171-002.html,https://www.fer-plast.com/,ferplast@fer-plast.com
https://www.europages.co.uk/SAWINMAK-PVC-MACHINES/00000004608007-420086001.html,http://www.sawinmak.com/,"info@sawinmak.com, ajax-loader@2x.gif"
https://www.europages.co.uk/en/company/reis-standing-seam-technologies-22279192,https://www.reiskenet.com.tr/en,info@reiskenet.com.tr
https://www.europages.co.uk/ASSISTER-TECH-SOLUTIONS-SRL/00000005557712-001.html,https://www.assister.it/,b2b@assister.it
https://www.europages.co.uk/MSY-INVEST-BV/00000005552409-001.html,https://www.msy.be/,info@msy.be
https://www.europages.co.uk/FORMEX-MAQUINARIA/00000005431332-769516001.html,https://www.formex.es/,formex@formex.es
https://www.europages.co.uk/BORTECH/00000005556387-001.html,https://www.bor-tech.com.pl/,biuro@bor-tech.com.pl
https://www.europages.co.uk/BAS-MACHINEBOUW/00000005555071-001.html,https://basmachinebouw.nl/,info@basmachinebouw.nl
https://www.europages.co.uk/BERGER-TECHNOLOGIE-GMBH/00000005296436-606003001.html,https://bergertech.ch/de/Werkzeugschleiftechnik,"info@bergertech.ch, marc.broennimann@bergertech.ch"
https://www.europages.co.uk/UNITON/00000004699516-498243001.html,http://www.uniton.fr,uniton@uniton.fr
https://www.europages.co.uk/en/company/spsi-22277465,https://www.spsipatisserie.com,contact@spsi.fr
https://www.europages.co.uk/ZINSER-GMBH/00000005546652-001.html,https://zinser.de/,"sales@zinser.de, info@zinser.de"
https://www.europages.co.uk/KOBAMET-SPOLKA-ZOO/00000005550464-001.html,https://kobamet.pl,"szlifpoler@kobamet.com.pl, kobamet@kobamet.com.pl, zaopatrzenie@kobamet.com.pl"
https://www.europages.co.uk/EMSIL-TECHTRANS-SRL/00000005478095-001.html,https://www.emsilgroup.com,"8eb368c655b84e029ed79ad7a5c1718e@sentry.wixpress.com, 1eeb89147c984dc6bc3ffafd9e6cd089@sentry.wixpress.com, bfb679c754744c58a7374ee6e25cfc13@sentry.wixpress.com, 605a7baede844d278b89dc95ae0a9123@sentry-next.wixpress.com"
https://www.europages.co.uk/GEN-MILLING/00000005403103-734781001.html,https://www.genmilling.com,"info@genmilling.comy, info@genmilling.com"
https://www.europages.co.uk/VARIOMATIC-WERKZEUGMASCHINEN-GMBH/00000005318518-001.html,https://www.variomatic.de/en/,info@variomatic.de
https://www.europages.co.uk/WEBER-FOOD-TECHNOLOGY-GMBH/00000005319506-001.html,https://www.weberweb.com,info@weberweb.com
https://www.europages.co.uk/ESSEGI-2-SRL-PACKAGING-MACHINES/SEAC000938617-002.html,http://www.essegi.com,info@essegi.com
https://www.europages.co.uk/en/company/kugel-und-rollenlagerwerk-leipzig-gmbh-20768509,https://www.krw.de/en/,"info@krw.de, hr@krw.de, sales@krw.de"
https://www.europages.co.uk/OKSUZOGULLARI-HORECA-VE-EV-GERECLERI-AS/00000005536037-001.html,https://www.okshoreca.com,info@oksuzogullari.com
https://www.europages.co.uk/RALF-LANG-MASCHINENBAU-GMBH/00000005104920-001.html,https://www.lang-much.de/index.php?id=1&L=1,"vertrieb@lang-much.de, service@lang-much.de, info@lang-much.de"
https://www.europages.co.uk/VIRMER/00000005473907-001.html,https://virmer.com/?utm_source=europage,"help@virmer.com, info@virmer.com"
https://www.europages.co.uk/SECA-AGRICULTURE-MACHINERY/00000005483723-001.html,https://secaagri.com/,"exportsc@secaagri.com, info@secatarim.com.tr, export@secatarim.com.tr"
https://www.europages.co.uk/en/company/moval-srl-22279065,http://www.moval-srl.it,info@moval-srl.it
https://www.europages.co.uk/FOCUS-GMBH-GERATE-ZUR-ELEKTRONENSPEKTROSKOPIE-UND-OBERFLACHENANALYTIK/00000005404610-001.html,https://www.focus-e-welding.de/,"Fotolia_64541024_XL_CMYK@05x-edited-1-1024x768.png, Fotolia_64541024_XL_CMYK@05x-edited-1.png, Fotolia_64541024_XL_CMYK@05x-edited-1-500x375.png, Fotolia_64541024_XL_CMYK@05x-edited-1-768x576.png, RQ0A4738-1@05x-edited-1-300x225.png, Fotolia_64541024_XL_CMYK@05x-edited-1-300x225.png, sales@focus-gmbh.com, RQ0A4738-1@05x-edited-1.png, focus-sales@specs.com, RQ0A4738-1@05x-edited-1-500x375.png, RQ0A4738-1@05x-edited-1-768x576.png"
https://www.europages.co.uk/PIX-GERMANY-GMBH/00000004952174-001.html,https://www.pixgermany.de/,info@pixgermany.com
https://www.europages.co.uk/BREYER-GMBH-MASCHINENFABRIK/DEU042259-00101.html,http://www.breyer-extr.com/,info@breyer-extr.com
https://www.europages.co.uk/BERKE-TEKSTIL/00000005559071-001.html,https://berketekstil.com,info@berketekstil.com
https://www.europages.co.uk/FLP-MICROFINISHING-GMBH/00000004633432-001.html,http://www.flp-microfinishing.de/en/,info@flp-microfinishing.de
https://www.europages.co.uk/METALTECH/00000005520002-001.html,https://metal-tech.eu,biuro@metal-tech.eu
https://www.europages.co.uk/EWS-WEIGELE-GMBH-CO-KG/DEU423095-00101.html,http://www.ews-tools.de,info@ews-tools.de
https://www.europages.co.uk/NUOVA-SAIMPA/00000005527044-001.html,https://www.nuovasaimpa.it,nuovasaimpa@nuovasaimpa.it
https://www.europages.co.uk/DOLZAN-IMPIANTI-SRL/SEAC000020441-001.html,http://www.dolzan.com/,"dolzan@dolzan.com, dolzanimpiantisrl@upapec.it"
https://www.europages.co.uk/ACUSTICA-INTEGRAL-SL/ESP187941-00101.html,http://www.acusticaintegral.com,"info@acusticaintegral.com, international@acusticaintegral.com"
https://www.europages.co.uk/en/company/brio-ultrasonics-20049838,https://brioultrasonics.com,info@brioultrasonics.com
https://www.europages.co.uk/CAMELLINI-E-SANGIORGI-SRL/00000005549619-001.html,https://www.camelliniesangiorgi.it/,"amministrazione@camelliniesangiorgi.it, tecnico@camelliniesangiorgi.it"
https://www.europages.co.uk/ALTMANN-GRAPHISCHE-MASCHINEN-GMBH/00000005318634-001.html,https://www.altmann-graphic.com,info@altmann-graphic.com
https://www.europages.co.uk/CROMMAC-MAKINA-METAL-IMALAT-SANAYI-VE-TICARET-LIMITED-SIRKETI/00000005518871-001.html,https://www.crommac.com,info@crommac.com
https://www.europages.co.uk/SONTHEIMER-ELEKTROSCHALTGERATE-GMBH/00000005501327-001.html,https://www.sontheimer.org/en/,info@sontheimer.org
https://www.europages.co.uk/LINGUAVOX-SL/K30120649-001.html,https://www.linguavox.net/,info@linguavox.net
